{
    "trade_history": [],
    "portfolio_performance": {
        "bot_roi": 0.22948618795263762,
        "spy_roi": 0.027340025797759005,
        "trades_count": 0,
        "bot_start_value": 98306.57,
        "spy_start_price": 713.24
    }
}